epoch,cs,loss,rmse,val_cs,val_loss,val_rmse
0,1.0,0.015214402228593826,0.12334667146205902,1.0,0.0113094886764884,0.10634607821702957
1,1.0,0.015100006945431232,0.12288208305835724,1.0,0.010827437974512577,0.10405497252941132
2,1.0,0.015010004863142967,0.12251532822847366,1.0,0.010727315209805965,0.10357275605201721
3,1.0,0.014947067014873028,0.12225820124149323,1.0,0.010852265171706676,0.10417420417070389
4,1.0,0.01500041875988245,0.12247619777917862,1.0,0.01074979268014431,0.10368120670318604
5,1.0,0.014781187288463116,0.1215779036283493,1.0,0.01072253379970789,0.10354966670274734
6,1.0,0.014952003955841064,0.12227838486433029,1.0,0.010777058079838753,0.10381261259317398
7,1.0,0.014895489439368248,0.12204708158969879,1.0,0.010679244995117188,0.10334043204784393
8,1.0,0.014921068213880062,0.12215182185173035,1.0,0.010684779845178127,0.10336720943450928
9,1.0,0.014821222983300686,0.12174244225025177,1.0,0.011060007847845554,0.10516656935214996
10,1.0,0.014754093252122402,0.12146642804145813,1.0,0.010671527124941349,0.10330308228731155
11,1.0,0.014774488285183907,0.12155035138130188,1.0,0.010658501647412777,0.10324002057313919
12,1.0,0.01467052847146988,0.12112195789813995,1.0,0.01062274444848299,0.10306669771671295
13,1.0,0.014804912731051445,0.12167543917894363,1.0,0.01069099921733141,0.10339728742837906
0,0.01532437838613987,0.12379167228937149,0.010991125367581844,0.10483856499195099
1,0.015016337856650352,0.1225411668419838,0.010632289573550224,0.10311299562454224
2,0.015028759837150574,0.12259184569120407,0.01124623790383339,0.10604827851057053
3,0.014966028742492199,0.12233572453260422,0.01060288492590189,0.10297030955553055
4,0.015015905722975731,0.12253940105438232,0.01069609634578228,0.10342193394899368
5,0.01487125176936388,0.1219477429986,0.011027985252439976,0.10501421242952347
6,0.014939283952116966,0.12222636491060257,0.01058588270097971,0.10288771986961365
7,0.014852919615805149,0.12187255173921585,0.010460939258337021,0.10227873176336288
8,0.014875424094498158,0.12196484953165054,0.01092950813472271,0.10454428941011429
9,0.014700238592922688,0.12124454230070114,0.010674301534891129,0.10331650823354721
10,0.014692028984427452,0.12121067941188812,0.012625079602003098,0.112361378967762
11,0.01466559898108244,0.12110160291194916,0.010800546035170555,0.1039256751537323
12,0.014650312252342701,0.12103847414255142,0.010372173972427845,0.10184387117624283
13,0.014651954174041748,0.12104525417089462,0.010384072549641132,0.10190226882696152
14,0.014500919729471207,0.12041976302862167,0.012637386098504066,0.11241612583398819
15,0.014448476955294609,0.12020181864500046,0.0101726483553648,0.10085954517126083
16,0.014517199248075485,0.12048733979463577,0.010451563633978367,0.10223288834095001
17,0.014317474327981472,0.11965564638376236,0.010141720995306969,0.10070611536502838
18,0.014231206849217415,0.11929462105035782,0.01003838051110506,0.10019171983003616
19,0.014058987610042095,0.11857060343027115,0.01006313320249319,0.1003151684999466
20,0.014134980738162994,0.11889062821865082,0.010012311860918999,0.10006154328584671
21,0.014141015708446503,0.11891600489616394,0.010161989368498325,0.10080669075250626
22,0.014165883883833885,0.11902052164077759,0.010006061755120754,0.10003030300140381
23,0.014067859388887882,0.1186080053448677,0.010034755803644657,0.10017362982034683
24,0.014032827690243721,0.11846023797988892,0.009778285399079323,0.09888521581888199
25,0.013725876808166504,0.11715748906135559,0.009832307696342468,0.09915799647569656
26,0.013697700574994087,0.11703717708587646,0.00992914941161871,0.09964511543512344
27,0.013731280341744423,0.11718054860830307,0.00971855316311121,0.09858272224664688
28,0.013945507816970348,0.11809109896421432,0.009656215086579323,0.09826604276895523
29,0.013557837344706059,0.116438128054142,0.009887649677693844,0.09943666309118271
30,0.013579832389950752,0.11653253436088562,0.011157252825796604,0.10562789440155029
31,0.01348700188100338,0.11613354831933975,0.009718439541757107,0.09858214855194092
32,0.01353644859045744,0.11634624749422073,0.010072651319205761,0.10036259889602661
33,0.013591696508228779,0.1165834292769432,0.009701263159513474,0.0984949916601181
34,0.013428901322185993,0.11588313430547714,0.009570656344294548,0.09782972931861877
35,0.013197716325521469,0.11488131433725357,0.010015318170189857,0.10007656365633011
36,0.0130330054089427,0.11416219174861908,0.009855133481323719,0.09927302598953247
37,0.013637163676321507,0.11677826941013336,0.009802855551242828,0.09900937229394913
38,0.013069531880319118,0.11432205140590668,0.009779747575521469,0.09889260679483414
39,0.013272298499941826,0.11520545929670334,0.009464576840400696,0.09728606045246124
40,0.013069762848317623,0.11432306468486786,0.01042187586426735,0.1020875871181488
41,0.013177811168134212,0.11479464918375015,0.010203280486166477,0.10101129114627838
42,0.013337741605937481,0.11548914015293121,0.009530854411423206,0.09762609750032425
43,0.013163802213966846,0.11473361402750015,0.010525790974497795,0.10259527713060379
44,0.01297074370086193,0.1138891726732254,0.009603857062757015,0.09799926728010178
45,0.013228618539869785,0.11501573026180267,0.009515514597296715,0.0975475013256073
46,0.013153172098100185,0.11468727886676788,0.022978277876973152,0.1515858769416809
47,0.013330203481018543,0.11545649915933609,0.009730169549584389,0.09864161908626556
48,0.01283947005867958,0.11331138759851456,0.009375035762786865,0.0968247652053833
49,0.012871023267507553,0.1134505346417427,0.009993724524974823,0.09996861964464188
50,0.01289681252092123,0.113564133644104,0.009545113891363144,0.09769909828901291
51,0.01298125647008419,0.11393531411886215,0.009324158541858196,0.09656168520450592
52,0.012706550769507885,0.11272333562374115,0.009379852563142776,0.09684963524341583
53,0.012754945084452629,0.112937793135643,0.009330513887107372,0.09659458696842194
54,0.012862179428339005,0.113411545753479,0.010286342352628708,0.10142160952091217
55,0.012724324129521847,0.11280214786529541,0.009539748542010784,0.09767163544893265
56,0.01262697484344244,0.11236981302499771,0.011663580313324928,0.10799805819988251
57,0.01271142065525055,0.11274493485689163,0.00938933901488781,0.09689860045909882
58,0.01246077660471201,0.11162784695625305,0.009636903181672096,0.09816773235797882
59,0.012431940995156765,0.11149861663579941,0.00936384778469801,0.09676697850227356
60,0.012498785741627216,0.11179796606302261,0.009261415340006351,0.09623624384403229
61,0.012330683879554272,0.11104360967874527,0.009438823908567429,0.09715361148118973
62,0.012165011838078499,0.11029510945081711,0.009340863674879074,0.09664814174175262
63,0.012241682969033718,0.11064214259386063,0.012031588703393936,0.10968860238790512
64,0.012266049161553383,0.11075219511985779,0.010361787863075733,0.10179286450147629
65,0.012215101160109043,0.11052194982767105,0.009435614570975304,0.09713709354400635
66,0.012404736131429672,0.11137655377388,0.009837656281888485,0.09918496012687683
67,0.01200756337493658,0.10957902669906616,0.009453531354665756,0.09722927212715149
68,0.012045606039464474,0.10975247621536255,0.010296805761754513,0.10147317498922348
69,0.012253565713763237,0.11069582402706146,0.00932564027607441,0.09656935185194016
70,0.011813800781965256,0.10869131237268448,0.009342551231384277,0.09665687382221222
71,0.012148698791861534,0.11022113263607025,0.009626446291804314,0.09811445325613022
72,0.012040472589433193,0.1097290888428688,0.009325779974460602,0.09657007455825806
73,0.011823696084320545,0.10873682051897049,0.009323986247181892,0.09656079113483429
74,0.011868324130773544,0.10894183814525604,0.009315027855336666,0.09651438891887665
75,0.01195908896625042,0.10935761779546738,0.009330272674560547,0.09659333527088165
76,0.011875930242240429,0.10897674411535263,0.014243237674236298,0.1193450391292572
77,0.01189124584197998,0.10904698818922043,0.0095348646864295,0.09764663130044937
78,0.011597087606787682,0.10768977552652359,0.00951103214174509,0.09752452373504639
79,0.011463707312941551,0.10706870257854462,0.009466500021517277,0.09729593992233276
80,0.011644477024674416,0.10790957510471344,0.009193496778607368,0.09588272124528885
81,0.011464365758001804,0.10707177966833115,0.009116786532104015,0.09548186510801315
82,0.011528931558132172,0.10737286508083344,0.00953411404043436,0.09764278680086136
83,0.011185714974999428,0.1057625412940979,0.00978151150047779,0.09890152513980865
84,0.01191350631415844,0.1091490089893341,0.00907006487250328,0.0952368900179863
85,0.011175049468874931,0.10571210831403732,0.009440730325877666,0.09716342389583588
86,0.011452619917690754,0.1070169135928154,0.009176116436719894,0.09579204767942429
87,0.011289356276392937,0.10625138133764267,0.01271835621446371,0.11277569085359573
88,0.011379003524780273,0.10667241364717484,0.00948916096240282,0.09741232544183731
89,0.01127712894231081,0.10619382560253143,0.009611808694899082,0.09803983569145203
90,0.011125976219773293,0.10547973960638046,0.009212374687194824,0.09598111361265182
91,0.011055998504161835,0.10514751076698303,0.009098999202251434,0.09538867324590683
92,0.01122490968555212,0.10594767332077026,0.009710174053907394,0.09854021668434143
93,0.010965131223201752,0.1047145202755928,0.008971777744591236,0.09471946954727173
94,0.010912547819316387,0.1044631376862526,0.01098714116960764,0.10481956601142883
95,0.010964900255203247,0.10471341758966446,0.009110874496400356,0.09545090049505234
96,0.01067408174276352,0.10331545025110245,0.009145728312432766,0.09563329815864563
97,0.010713520459830761,0.10350614041090012,0.010964365676045418,0.10471086949110031
98,0.010412822477519512,0.10204324126243591,0.00940647628158331,0.09698698669672012
99,0.010541126132011414,0.10266998410224915,0.009244488552212715,0.09614825993776321
100,0.010539837181568146,0.10266371071338654,0.009016902185976505,0.0949573740363121
101,0.010384254157543182,0.10190316289663315,0.009900963865220547,0.09950358420610428
102,0.010670449584722519,0.10329786688089371,0.009227855131030083,0.09606172889471054
103,0.010291625745594501,0.10144764930009842,0.009674642235040665,0.09835975617170334
104,0.010058185085654259,0.10029050707817078,0.015041563659906387,0.12264405190944672
105,0.010100257582962513,0.10050003975629807,0.010928806848824024,0.10454093664884567
106,0.01017746888101101,0.10088343918323517,0.01010977290570736,0.10054736584424973
107,0.010769247077405453,0.10377497971057892,0.00951436161994934,0.09754158556461334
108,0.009864096529781818,0.09931816160678864,0.009253500029444695,0.09619511663913727
109,0.009858405217528343,0.09928949922323227,0.00931637268513441,0.09652135521173477
110,0.009954633191227913,0.09977290779352188,0.009467977099120617,0.09730353206396103
111,0.009541886858642101,0.09768258035182953,0.009733443148434162,0.09865821152925491
112,0.00987284816801548,0.09936220943927765,0.009840741753578186,0.09920050948858261
113,0.009656657464802265,0.0982682928442955,0.00920035969465971,0.09591850638389587
114,0.009529303759336472,0.09761815518140793,0.008983016014099121,0.09477877616882324
115,0.00962511170655489,0.09810765087604523,0.01335503812879324,0.1155640035867691
116,0.009430036880075932,0.0971083790063858,0.009374093264341354,0.09681989997625351
117,0.009425269439816475,0.09708382934331894,0.009203414432704449,0.0959344282746315
118,0.00912240520119667,0.09551128000020981,0.009225498884916306,0.09604945778846741
119,0.00920792669057846,0.09595794230699539,0.009451218880712986,0.0972173810005188
120,0.009216111153364182,0.09600058197975159,0.009558871388435364,0.09776948392391205
121,0.009731395170092583,0.0986478328704834,0.009618614800274372,0.0980745404958725
122,0.009339596144855022,0.09664158523082733,0.00925455056130886,0.09620057791471481
123,0.008661038242280483,0.09306469559669495,0.009394975379109383,0.09692768007516861
124,0.00889573898166418,0.094317227602005,0.010461024940013885,0.10227914899587631
125,0.0085294796153903,0.09235518425703049,0.009532647207379341,0.09763527661561966
126,0.00846381951123476,0.09199901670217514,0.01034469623118639,0.10170888155698776
127,0.008551787585020065,0.09247587621212006,0.009310702793300152,0.0964919850230217
128,0.008276657201349735,0.09097613394260406,0.009447094984352589,0.09719616919755936
129,0.008450151421129704,0.09192470461130142,0.010859881527721882,0.1042107567191124
130,0.008348923176527023,0.09137244522571564,0.009411646053195,0.09701363742351532
131,0.00838581845164299,0.09157411754131317,0.009440742433071136,0.09716348350048065
132,0.007976243272423744,0.08930981904268265,0.009545044042170048,0.09769874066114426
133,0.008088383823633194,0.08993544429540634,0.009917262010276318,0.09958545118570328
134,0.007834522984921932,0.0885128378868103,0.009191707707941532,0.0958733931183815
135,0.00807451456785202,0.08985830098390579,0.009563148021697998,0.09779135137796402
136,0.007476838771253824,0.08646871894598007,0.014270848594605923,0.11946065723896027
137,0.00801953487098217,0.08955185860395432,0.01046261191368103,0.1022869125008583
138,0.007442357484251261,0.08626909554004669,0.009350711479783058,0.0966990739107132
139,0.007753456011414528,0.08805371075868607,0.009360333904623985,0.09674882143735886
140,0.00733979931101203,0.08567263185977936,0.00943947583436966,0.09715696424245834
141,0.007006521802395582,0.08370497077703476,0.010476712137460709,0.10235580801963806
142,0.007151269353926182,0.0845651775598526,0.01022305153310299,0.1011091098189354
143,0.006909078452736139,0.08312086760997772,0.009509587660431862,0.09751711785793304
144,0.006727979518473148,0.08202426135540009,0.009934308007359505,0.09967099875211716
145,0.006860041059553623,0.08282536268234253,0.009824997745454311,0.09912112355232239
146,0.006881562527269125,0.08295518159866333,0.012987540103495121,0.11396288871765137
147,0.006861281581223011,0.08283285051584244,0.009667802602052689,0.0983249843120575
148,0.006276627071201801,0.07922516763210297,0.009600852616131306,0.0979839414358139
149,0.006993767339736223,0.08362874388694763,0.010229716077446938,0.10114205628633499
150,0.005959510803222656,0.07719786465167999,0.01115329284220934,0.10560914874076843
151,0.006177019793540239,0.07859402149915695,0.0100816385820508,0.10040736198425293
152,0.005862038116902113,0.07656394690275192,0.009447014890611172,0.09719575196504593
153,0.005991505924612284,0.07740481942892075,0.009687612764537334,0.09842567145824432
154,0.0061382330022752285,0.07834687829017639,0.00980908889323473,0.09904084354639053
155,0.005749020725488663,0.07582229375839233,0.010162138380110264,0.10080743581056595
156,0.005769651383161545,0.07595822215080261,0.01034228503704071,0.10169702768325806
157,0.005861122626811266,0.07655797153711319,0.009814443066716194,0.09906787425279617
158,0.005695296451449394,0.07546719163656235,0.01066969521343708,0.10329421609640121
159,0.005282270722091198,0.07267922908067703,0.009973114356398582,0.09986548125743866
160,0.00526380306109786,0.07255207002162933,0.010816271416842937,0.10400130599737167
161,0.005221961997449398,0.07226314395666122,0.010605414398014545,0.10298259556293488
162,0.004747369792312384,0.06890115886926651,0.014063953422009945,0.1185915395617485
163,0.0050309631042182446,0.07092928141355515,0.009834233671426773,0.09916770458221436
164,0.004633754957467318,0.06807169318199158,0.009956917725503445,0.09978435933589935
165,0.004558546934276819,0.06751701235771179,0.011913809925317764,0.10915040224790573
166,0.004568255972117186,0.06758887320756912,0.010500791482627392,0.10247337073087692
167,0.004411215428262949,0.06641697883605957,0.01549932174384594,0.12449627369642258
168,0.004308187402784824,0.0656367838382721,0.010166791267693043,0.10083051025867462
169,0.00432548625394702,0.06576842814683914,0.010740899480879307,0.10363831371068954
170,0.004639169201254845,0.06811144948005676,0.010424299165606499,0.1020994558930397
171,0.00392909673973918,0.06268250942230225,0.011289302259683609,0.10625112801790237
172,0.003879526862874627,0.06228584796190262,0.010382701642811298,0.1018955409526825
173,0.003641917137429118,0.06034829840064049,0.010293465107679367,0.10145671665668488
174,0.0037484008353203535,0.061224184930324554,0.010287723504006863,0.10142841935157776
175,0.0035746674984693527,0.05978852137923241,0.010212254710495472,0.10105570405721664
176,0.0034077498130500317,0.05837593600153923,0.010382460430264473,0.10189435631036758
177,0.003361711511388421,0.05798026919364929,0.010249818675220013,0.10124138742685318
178,0.0038268340285867453,0.06186141073703766,0.010583583265542984,0.10287654399871826
179,0.00336816837079823,0.058035921305418015,0.010623986832797527,0.10307272523641586
180,0.003213496645912528,0.05668771266937256,0.01052332017570734,0.10258323699235916
181,0.00313908071257174,0.056027498096227646,0.01091879140585661,0.10449302196502686
182,0.0033367378637194633,0.057764504104852676,0.010645197704434395,0.1031755656003952
183,0.002989685395732522,0.054678015410900116,0.010654937475919724,0.10322275757789612
184,0.0028532585129141808,0.05341590195894241,0.011327539570629597,0.10643091797828674
185,0.002663199556991458,0.0516061969101429,0.010421302169561386,0.10208477824926376
186,0.0028769755735993385,0.05363744497299194,0.010516995564103127,0.10255240648984909
187,0.0028034800197929144,0.05294789746403694,0.010571978986263275,0.10282012820243835
188,0.002531982259824872,0.05031880736351013,0.010925677604973316,0.10452596843242645
189,0.002698437310755253,0.0519464835524559,0.011279349215328693,0.10620427876710892
190,0.0025129816494882107,0.05012964829802513,0.010562026873230934,0.10277172178030014
191,0.0024256545584648848,0.04925093427300453,0.0110120614990592,0.10493837296962738
192,0.0024389768950641155,0.04938599839806557,0.012513289228081703,0.11186281591653824
193,0.0021524541079998016,0.04639454931020737,0.010838565416634083,0.10410843044519424
194,0.0022824860643595457,0.04777536913752556,0.010723747313022614,0.10355553030967712
195,0.0020224768668413162,0.04497195780277252,0.010678212158381939,0.1033354327082634
196,0.0021609230898320675,0.04648572951555252,0.011283505707979202,0.10622384399175644
197,0.0021056337282061577,0.04588718339800835,0.01090577244758606,0.10443070530891418
198,0.0020183559972792864,0.04492611810564995,0.012317481450736523,0.11098414659500122
199,0.0019974049646407366,0.04469233751296997,0.012407924048602581,0.1113908588886261
200,0.0016851499676704407,0.04105057939887047,0.011194100603461266,0.10580217838287354
201,0.002121733734384179,0.04606227949261665,0.012743618339300156,0.11288763582706451
202,0.00175871339160949,0.04193701595067978,0.01097849290817976,0.10477830469608307
203,0.0016861965414136648,0.041063323616981506,0.011384866200387478,0.10669989138841629
204,0.0018665451789274812,0.043203532695770264,0.011061310768127441,0.1051727682352066
205,0.0016411852557212114,0.04051154479384422,0.011787690222263336,0.1085711270570755
206,0.0015711350133642554,0.039637546986341476,0.012178895995020866,0.11035803705453873
207,0.001567371073178947,0.03959003835916519,0.011241771280765533,0.10602722316980362
208,0.0014649301301687956,0.038274407386779785,0.011367268860340118,0.10661739110946655
209,0.0014397995546460152,0.03794468939304352,0.011293900199234486,0.10627276450395584
210,0.0013544359244406223,0.036802660673856735,0.011245601810514927,0.10604528337717056
211,0.0013514445163309574,0.03676199913024902,0.011080953292548656,0.10526610910892487
212,0.0012284346157684922,0.03504903241991997,0.011312788352370262,0.10636159032583237
213,0.0011569267371669412,0.03401362523436546,0.01154428068548441,0.10744431614875793
214,0.001121404697187245,0.03348737955093384,0.011216530576348305,0.10590812563896179
215,0.0011507695307955146,0.03392299264669418,0.010893541388213634,0.10437212884426117
216,0.001104916213080287,0.03324028104543686,0.012043103575706482,0.10974107682704926
217,0.0010394805576652288,0.03224097564816475,0.01190249901264906,0.10909857600927353
218,0.0009511863463558257,0.03084130957722664,0.012672372162342072,0.11257163435220718
219,0.0010655474616214633,0.032642725855112076,0.011821947991847992,0.10872878134250641
220,0.001058578141964972,0.032535798847675323,0.01250429917126894,0.11182262003421783
221,0.0010368820512667298,0.0322006531059742,0.012105217203497887,0.11002371460199356
222,0.0011547902831807733,0.033982206135988235,0.011283380910754204,0.10622326284646988
223,0.0008369189454242587,0.02892955206334591,0.01161069143563509,0.10775291919708252
224,0.0008251177496276796,0.02872486226260662,0.011540932580828667,0.10742872953414917
225,0.0008448224398307502,0.029065828770399094,0.01157546415925026,0.10758933424949646
226,0.0008540828130207956,0.02922469563782215,0.011721886694431305,0.10826766490936279
227,0.0007474452722817659,0.027339445427060127,0.011760616675019264,0.10844637453556061
228,0.0008758237818256021,0.02959432080388069,0.011547407135367393,0.10745885968208313
229,0.0007758841384202242,0.02785469777882099,0.011306451633572578,0.10633180290460587
230,0.0008773557492531836,0.02962019108235836,0.011283287778496742,0.10622282326221466
231,0.0006942383479326963,0.026348402723670006,0.011735009960830212,0.10832825303077698
232,0.0007014556904323399,0.026485009118914604,0.011537394486367702,0.10741226375102997
233,0.0006439960561692715,0.025377077981829643,0.011473899707198143,0.10711628943681717
234,0.0006650618743151426,0.025788793340325356,0.011390682309865952,0.10672713816165924
235,0.0006346090813167393,0.025191448628902435,0.011920414865016937,0.10918065160512924
236,0.0007116502383723855,0.02667677402496338,0.011354566551744938,0.10655780881643295
237,0.0005749142728745937,0.02397737093269825,0.011643647216260433,0.10790573060512543
238,0.0006631939322687685,0.02575255185365677,0.014270972460508347,0.11946117877960205
239,0.0006075314595364034,0.0246481541544199,0.011450807563960552,0.1070084497332573
240,0.0005425848648883402,0.023293450474739075,0.011516204103827477,0.10731358081102371
241,0.000510037993080914,0.02258402109146118,0.01163420919328928,0.10786198824644089
242,0.0005014611524529755,0.022393329069018364,0.011668974533677101,0.1080230250954628
243,0.0005011549219489098,0.022386489436030388,0.01148782018572092,0.10718125104904175
244,0.00045096976100467145,0.021236049011349678,0.012007679790258408,0.10957955569028854
245,0.0005015250644646585,0.022394755855202675,0.01175319217145443,0.10841213911771774
246,0.0005008426960557699,0.022379515692591667,0.012218994088470936,0.11053955554962158
247,0.00045656898873858154,0.021367475390434265,0.01280132308602333,0.11314292997121811
248,0.00045395951019600034,0.021306324750185013,0.011772914789617062,0.1085030660033226
249,0.0004506176628638059,0.021227756515145302,0.011665998958051205,0.10800925642251968
250,0.00042491991189308465,0.02061358653008938,0.011764857918024063,0.10846593230962753
251,0.0004196570080239326,0.0204855315387249,0.011791574768722057,0.10858901590108871
252,0.00035927462158724666,0.01895454153418541,0.011741671711206436,0.10835899412631989
253,0.0004294160462450236,0.02072235569357872,0.011431164108216763,0.10691662132740021
254,0.00035925814881920815,0.01895410567522049,0.011770275421440601,0.10849089920520782
255,0.0003583208308555186,0.018929364159703255,0.012199974618852139,0.11045349389314651
256,0.0003678827779367566,0.01918026991188526,0.01152003463357687,0.10733142495155334
257,0.0003046060155611485,0.017452966421842575,0.012001045048236847,0.10954928398132324
258,0.0003335766668897122,0.018264081329107285,0.011704854667186737,0.10818897932767868
259,0.00031540694180876017,0.017759699374437332,0.01207265630364418,0.1098756417632103
260,0.00031235464848577976,0.017673557624220848,0.011797156184911728,0.1086147129535675
261,0.00029052491299808025,0.01704479195177555,0.011677851900458336,0.10806410759687424
262,0.0003070379898417741,0.017522498965263367,0.011919928714632988,0.10917842388153076
263,0.00029201857978478074,0.017088551074266434,0.011651980690658092,0.10794433951377869
264,0.00027087103808298707,0.016458159312605858,0.011763905175030231,0.10846153646707535
265,0.00029001818620599806,0.01702992059290409,0.01178327389061451,0.1085507869720459
266,0.0002501449198462069,0.015815969556570053,0.012048782780766487,0.10976694524288177
267,0.0002651080721989274,0.016282139346003532,0.011881446465849876,0.10900204628705978
268,0.00027347932336851954,0.01653720997273922,0.01196713000535965,0.1093943789601326
269,0.00023299262102227658,0.015264095738530159,0.011784985661506653,0.10855867713689804
270,0.00023160346609074622,0.0152185233309865,0.012332430109381676,0.11105147749185562
271,0.00021779748203698546,0.01475796289741993,0.011999796144664288,0.1095435842871666
272,0.00021401426056399941,0.014629226177930832,0.012396091595292091,0.11133773624897003
273,0.00021213620493654162,0.014564896002411842,0.012122650630772114,0.11010290682315826
274,0.00022480885672848672,0.014993627555668354,0.011995598673820496,0.10952442139387131
275,0.00021905878384131938,0.014800634235143661,0.012041650712490082,0.10973445326089859
276,0.00019935474847443402,0.014119303785264492,0.012066766619682312,0.10984883457422256
277,0.0001943682145792991,0.013941599987447262,0.012269925326108932,0.11076969653367996
278,0.00018560489115770906,0.013623688369989395,0.011960216797888279,0.10936277359724045
279,0.00019571365555748343,0.013989769853651524,0.011902783066034317,0.10909987986087799
280,0.00018196640303358436,0.013489492237567902,0.011944971978664398,0.10929305851459503
281,0.00018126046052202582,0.01346330065280199,0.011908408254384995,0.10912565141916275
282,0.000168088503414765,0.012964894995093346,0.01194705069065094,0.1093025654554367
283,0.0001876852911664173,0.013699827715754509,0.012413682416081429,0.11141670495271683
284,0.0001562504912726581,0.012500019744038582,0.011930391192436218,0.10922633111476898
285,0.00015551759861409664,0.012470669113099575,0.011890632100403309,0.10904417186975479
286,0.0001661839196458459,0.012891233898699284,0.012016264721751213,0.10961872339248657
287,0.00014174432726576924,0.011905642226338387,0.01208488829433918,0.10993129014968872
288,0.00014667735376860946,0.012111042626202106,0.012046792544424534,0.10975787788629532
289,0.00013651276822201908,0.011683868244290352,0.011886541731655598,0.10902541875839233
290,0.00014091405319049954,0.01187072228640318,0.011961565352976322,0.1093689426779747
291,0.0001314502296736464,0.011465175077319145,0.011930590495467186,0.1092272400856018
292,0.0001278176496271044,0.01130564697086811,0.011912656016647816,0.10914511233568192
293,0.00014023261610418558,0.011841985397040844,0.01199489738792181,0.10952121764421463
294,0.00012123371561756358,0.011010617949068546,0.011962277814745903,0.10937219858169556
295,0.00012452906230464578,0.011159258894622326,0.012268463149666786,0.11076309531927109
296,0.00011483887647045776,0.010716290213167667,0.012164118699729443,0.11029106378555298
297,0.00011082267155870795,0.010527234524488449,0.012221765704452991,0.1105520948767662
298,0.00010169041343033314,0.010084166191518307,0.012463822029531002,0.11164148896932602
299,0.00011281744809821248,0.010621556080877781,0.011962231248617172,0.10937198251485825
300,0.00010916602332144976,0.010448254644870758,0.012082040309906006,0.10991833359003067
301,9.98653777060099e-05,0.009993266314268112,0.012264302931725979,0.11074431240558624
302,0.00010643064888427034,0.010316522791981697,0.011998078785836697,0.10953573882579803
303,0.00010140401718672365,0.010069956071674824,0.01214558444917202,0.11020700633525848
304,9.379976108903065e-05,0.009685027413070202,0.012106097303330898,0.11002770811319351
305,9.701400267658755e-05,0.009849568828940392,0.012166575528681278,0.11030220240354538
306,9.613923612050712e-05,0.009805061854422092,0.01246896106749773,0.11166450381278992
307,9.026874613482505e-05,0.009500986896455288,0.012126688845455647,0.1101212427020073
308,8.618523133918643e-05,0.009283600375056267,0.012111593969166279,0.110052689909935
309,9.181779023492709e-05,0.009582160040736198,0.012038836255669594,0.10972163081169128
310,9.118551679421216e-05,0.009549111127853394,0.012143950909376144,0.11019959300756454
311,8.187857019947842e-05,0.00904867798089981,0.012309635989367962,0.11094880104064941
312,8.605880429968238e-05,0.00927678868174553,0.012144943699240685,0.11020410060882568
313,8.278591849375516e-05,0.009098676964640617,0.0121947405859828,0.1104298010468483
314,8.899679232854396e-05,0.009433811530470848,0.012095838785171509,0.10998108237981796
315,7.649965846212581e-05,0.008746407926082611,0.011958824470639229,0.10935641080141068
316,7.79673209763132e-05,0.008829910308122635,0.012116986326873302,0.11007717996835709
317,7.254476076923311e-05,0.008517321199178696,0.012098394334316254,0.10999269783496857
318,6.729413144057617e-05,0.008203299716114998,0.01221595797687769,0.11052582412958145
319,7.277679105754942e-05,0.008530931547284126,0.012231755070388317,0.11059726774692535
320,6.051707896403968e-05,0.007779272273182869,0.012130843475461006,0.1101401075720787
321,6.24226377112791e-05,0.007900799624621868,0.01226843986660242,0.11076299101114273
322,6.848171324236318e-05,0.008275368250906467,0.012103470973670483,0.11001577973365784
323,6.270131416385993e-05,0.007918416522443295,0.012134325690567493,0.11015591770410538
324,6.15423996350728e-05,0.007844896055758,0.012200032360851765,0.11045375466346741
325,6.191830470925197e-05,0.007868818938732147,0.012053890153765678,0.10979021340608597
326,5.6877091992646456e-05,0.0075416904874145985,0.01216363999992609,0.11028889566659927
327,6.35698379483074e-05,0.007973069325089455,0.01253462303429842,0.11195813119411469
328,5.672326005878858e-05,0.007531484588980675,0.012530199252068996,0.11193837225437164
329,5.805668843095191e-05,0.00761949410662055,0.012308545410633087,0.11094388365745544
330,5.6627712183399126e-05,0.007525138556957245,0.012246153317391872,0.11066234111785889
331,5.46675109944772e-05,0.0073937480337917805,0.012155444361269474,0.11025173217058182
332,5.331663851393387e-05,0.007301824167370796,0.012246685102581978,0.1106647402048111
333,5.1391467422945425e-05,0.007168784271925688,0.011925730854272842,0.10920499265193939
334,5.0567887228680775e-05,0.007111110258847475,0.012208242900669575,0.11049091815948486
335,4.798321970156394e-05,0.006926991976797581,0.012154834344983101,0.11024896800518036
336,4.4677821279037744e-05,0.006684146821498871,0.01214503776282072,0.11020452529191971
337,4.5935452362755314e-05,0.006777569651603699,0.012136775068938732,0.11016703397035599
338,4.7025747335283086e-05,0.006857532076537609,0.012157101184129715,0.11025924235582352
339,4.4969841837882996e-05,0.0067059556022286415,0.012222277000546455,0.11055440455675125
340,4.500967406784184e-05,0.006708925124257803,0.012077799066901207,0.10989904403686523
341,4.1044277168111876e-05,0.006406580563634634,0.012184567749500275,0.11038372665643692
342,4.453512156032957e-05,0.006673464085906744,0.01231267862021923,0.11096251010894775
343,4.083977182745002e-05,0.006390600465238094,0.012154603376984596,0.11024791747331619
344,3.867486884701066e-05,0.0062189120799303055,0.012137380428612232,0.11016978323459625
345,4.058350168634206e-05,0.006370518356561661,0.012188786640763283,0.11040283739566803
346,3.744660716620274e-05,0.006119363475590944,0.012197141535580158,0.11044067144393921
347,3.672841194202192e-05,0.006060396786779165,0.012156656943261623,0.11025723069906235
348,3.801732964348048e-05,0.006165819242596626,0.01212682668119669,0.11012186855077744
349,3.5214477975387126e-05,0.005934178829193115,0.012263625860214233,0.1107412576675415
350,3.536101939971559e-05,0.005946513265371323,0.012082233093678951,0.10991921275854111
351,3.423015368753113e-05,0.005850654095411301,0.012052745558321476,0.10978499799966812
352,3.68340261047706e-05,0.006069104187190533,0.012181906960904598,0.1103716790676117
353,3.60834201273974e-05,0.006006947718560696,0.012153816409409046,0.11024434864521027
354,3.5226486943429336e-05,0.005935190711170435,0.012129886075854301,0.1101357638835907
355,3.0950108339311555e-05,0.0055632819421589375,0.012217392213642597,0.11053231358528137
356,3.312284025014378e-05,0.005755244754254818,0.012181416153907776,0.11036945134401321
357,3.132370693492703e-05,0.005596758797764778,0.012158253230154514,0.11026447266340256
358,3.0782852263655514e-05,0.005548229441046715,0.01222471334040165,0.1105654239654541
359,3.008406565641053e-05,0.005484894383698702,0.012198809534311295,0.11044821888208389
360,2.9646775146829896e-05,0.005444885231554508,0.01209731213748455,0.1099877804517746
361,3.075671702390537e-05,0.005545873660594225,0.012195848859846592,0.11043481528759003
362,2.86204376607202e-05,0.005349807441234589,0.012153961695730686,0.1102450042963028
363,2.873093035304919e-05,0.005360124167054892,0.012110508978366852,0.11004775762557983
364,2.8141612347099e-05,0.005304866936057806,0.012256341055035591,0.11070836335420609
365,2.5132208975264803e-05,0.005013203248381615,0.012403552420437336,0.1113712340593338
366,2.5902772904373705e-05,0.005089476704597473,0.012186582200229168,0.11039285361766815
367,2.6196119506494142e-05,0.005118214525282383,0.012170654721558094,0.11032068729400635
368,2.4428438337054104e-05,0.004942513536661863,0.012123318389058113,0.11010593920946121
369,2.59381668001879e-05,0.005092952866107225,0.012347900308668613,0.11112110316753387
370,2.5250803446397185e-05,0.005025017540901899,0.012212149798870087,0.11050859838724136
371,2.273698919452727e-05,0.004768332000821829,0.012173802591860294,0.11033495515584946
372,2.299405969097279e-05,0.004795212298631668,0.012200902216136456,0.11045769602060318
373,2.443716221023351e-05,0.0049433959648013115,0.012271136045455933,0.11077515780925751
374,2.159091309295036e-05,0.004646602086722851,0.012297402136027813,0.11089365184307098
375,2.255038452858571e-05,0.004748724400997162,0.012182975187897682,0.1103765144944191
376,2.0822317310376093e-05,0.00456314766779542,0.01220202911645174,0.11046279221773148
377,2.1355042918003164e-05,0.004621151834726334,0.012215171940624714,0.11052227020263672
378,2.027912523772102e-05,0.004503234755247831,0.012268923223018646,0.11076517403125763
379,2.020579449890647e-05,0.004495085682719946,0.012257045134902,0.11071153730154037
380,1.8257784176967107e-05,0.0042729126289486885,0.012152381241321564,0.11023783683776855
381,1.964279181265738e-05,0.004432018846273422,0.012232184410095215,0.11059920489788055
382,1.8865579477278516e-05,0.004343452397733927,0.012296861037611961,0.11089121550321579
383,1.875998350442387e-05,0.004331279546022415,0.012260252609848976,0.11072602868080139
384,1.8590653780847788e-05,0.004311688244342804,0.01226666197180748,0.11075496673583984
385,1.929147038026713e-05,0.004392205737531185,0.012342755682766438,0.11109795421361923
386,1.8724107576417737e-05,0.004327136091887951,0.012249184772372246,0.11067603528499603
387,1.719114152365364e-05,0.004146220162510872,0.012239515781402588,0.11063234508037567
388,1.7472026229370385e-05,0.004179955460131168,0.012275546789169312,0.11079506576061249
389,1.70220901054563e-05,0.004125783685594797,0.01224023662507534,0.11063560098409653
390,1.606035584700294e-05,0.004007537383586168,0.012222165241837502,0.11055390536785126
391,1.619065187696833e-05,0.00402376102283597,0.012212255038321018,0.11050907522439957
392,1.4805464161327109e-05,0.0038477869238704443,0.012226615101099014,0.11057402193546295
393,1.713010533421766e-05,0.004138852935284376,0.012261071242392063,0.11072972416877747
394,1.5636505850125104e-05,0.003954302053898573,0.012241494841873646,0.11064128577709198
395,1.4372581063071266e-05,0.0037911187391728163,0.01231494452804327,0.11097271740436554
396,1.4321656635729596e-05,0.0037843964528292418,0.012296514585614204,0.11088965088129044
397,1.4281964467954822e-05,0.003779148682951927,0.012286731973290443,0.11084552854299545
398,1.4117972568783443e-05,0.0037573890294879675,0.012204981409013271,0.11047615855932236
399,1.3594789379567374e-05,0.00368711119517684,0.012297039851546288,0.11089202016592026
400,1.3792015124636237e-05,0.003713760292157531,0.012222511693835258,0.11055546998977661
401,1.3087123079458252e-05,0.0036176128778606653,0.012237953022122383,0.11062528192996979
402,1.2850872735725716e-05,0.0035848114639520645,0.012218451127409935,0.1105371043086052
403,1.3108268831274472e-05,0.003620534436777234,0.01227069366723299,0.11077316105365753
404,1.223248546011746e-05,0.003497496945783496,0.012260940857231617,0.11072913557291031
405,1.2430610695446376e-05,0.003525707172229886,0.012237469665706158,0.11062309890985489
406,1.2134169992350508e-05,0.0034834134858101606,0.012261202558875084,0.11073031276464462
407,1.2415880519256461e-05,0.0035236175172030926,0.01221136562526226,0.11050504446029663
408,1.1201754205103498e-05,0.003346902085468173,0.012251687236130238,0.11068733781576157
409,1.2333004633546807e-05,0.0035118376836180687,0.012265537865459919,0.11074988543987274
410,1.0943547749775462e-05,0.003308103419840336,0.01229288149625063,0.1108732670545578
411,1.0984574146277737e-05,0.0033142983447760344,0.012207402847707272,0.11048711836338043
412,1.1208453543076757e-05,0.0033479027915745974,0.012286584824323654,0.11084486544132233
413,1.0625988579704426e-05,0.0032597528770565987,0.012335809879004955,0.11106669157743454
414,1.1084722245868761e-05,0.0033293727319687605,0.012114983052015305,0.11006808280944824
415,1.0703445695980918e-05,0.0032716121058911085,0.012265841476619244,0.11075125634670258
416,9.600539669918362e-06,0.0030984736513346434,0.0122353695333004,0.11061360687017441
417,1.127093219110975e-05,0.003357220906764269,0.01231799554079771,0.11098646372556686
418,1.0809916602738667e-05,0.0032878436613827944,0.012271399609744549,0.11077634990215302
419,9.82615165412426e-06,0.0031346692703664303,0.012262863107025623,0.11073781549930573
420,9.7328593255952e-06,0.003119752975180745,0.012268398888409138,0.11076280474662781
421,9.80202094069682e-06,0.0031308180186897516,0.01222472544759512,0.11056548357009888
422,8.877624168235343e-06,0.002979534212499857,0.0122759360820055,0.11079682409763336
423,9.117774425249081e-06,0.003019565250724554,0.012227755971252918,0.11057918518781662
424,9.007169865071774e-06,0.00300119468010962,0.012297607958316803,0.1108945831656456
425,9.064964615390636e-06,0.0030108080245554447,0.012267143465578556,0.11075713485479355
426,8.322550456796307e-06,0.002884883200749755,0.012255665846168995,0.11070530861616135
427,8.574574167141691e-06,0.0029282374307513237,0.012212038971483707,0.11050809174776077
428,8.249617167166434e-06,0.002872214652597904,0.012292558327317238,0.1108718067407608
429,8.047053597692866e-06,0.00283673289231956,0.012257148511707783,0.11071200668811798
430,7.895816452219151e-06,0.002809949452057481,0.012270336039364338,0.1107715517282486
431,7.258980076585431e-06,0.0026942493859678507,0.012256155721843243,0.11070752143859863
432,8.028478077903856e-06,0.00283345696516335,0.012230352498590946,0.11059092730283737
433,7.844948413548991e-06,0.0028008834924548864,0.0123020950704813,0.11091481149196625
434,7.214999641291797e-06,0.0026860751677304506,0.012291200459003448,0.11086568981409073
435,7.304659447981976e-06,0.002702713245525956,0.012315429747104645,0.11097490787506104
436,7.164364433265291e-06,0.0026766329538077116,0.012278552167117596,0.11080862581729889
437,7.299247499759076e-06,0.002701711840927601,0.012235797941684723,0.11061554402112961
438,7.202816505014198e-06,0.0026838062331080437,0.012255720794200897,0.11070556193590164
439,6.979162662901217e-06,0.002641810569912195,0.01229389850050211,0.1108778566122055
440,6.777290764148347e-06,0.0026033229660242796,0.012278014793992043,0.11080620437860489
441,6.547701104864245e-06,0.0025588476564735174,0.012338231317698956,0.11107759177684784
442,6.241957635211293e-06,0.0024983910843729973,0.012312402948737144,0.11096126586198807
443,6.66753294353839e-06,0.00258215656504035,0.012276186607778072,0.1107979565858841
444,6.477472652477445e-06,0.002545087831094861,0.012325458228588104,0.11102008074522018
445,6.498289167211624e-06,0.00254917424172163,0.012284665368497372,0.1108362078666687
446,5.767153652413981e-06,0.0024014899972826242,0.012316565960645676,0.11098002642393112
447,6.020690307195764e-06,0.0024537094868719578,0.012298126704990864,0.11089692264795303
448,5.829231668030843e-06,0.0024143802002072334,0.012237614952027798,0.11062375456094742
449,5.947279987594811e-06,0.0024387044832110405,0.012319098226726055,0.11099143326282501
450,5.797512585559161e-06,0.002407802501693368,0.012291551567614079,0.11086726933717728
451,5.838809556735214e-06,0.0024163629859685898,0.012328561395406723,0.11103405803442001
452,5.631440217257477e-06,0.0023730655666440725,0.01223797257989645,0.11062537133693695
453,5.2960222092224285e-06,0.0023013087920844555,0.012309989891946316,0.11095039546489716
454,5.285341103444807e-06,0.002298987004905939,0.012310052290558815,0.11095067858695984
455,5.286935447657015e-06,0.0022993336897343397,0.012233974412083626,0.11060729622840881
456,5.335224614100298e-06,0.0023098106030374765,0.012325962074100971,0.11102234572172165
457,5.379393314797198e-06,0.002319352002814412,0.012298591434955597,0.11089901626110077
458,5.094353582535405e-06,0.0022570674773305655,0.012320561334490776,0.11099802702665329
459,4.921369509247597e-06,0.0022184159606695175,0.012259874492883682,0.1107243150472641
460,5.0704784371191636e-06,0.0022517722100019455,0.012316545471549034,0.11097992956638336
461,4.940739927405957e-06,0.0022227775771170855,0.012264580465853214,0.11074556410312653
462,4.425778115546564e-06,0.002103753387928009,0.012286925688385963,0.11084640771150589
463,4.486590569285909e-06,0.0021181574556976557,0.012295756489038467,0.11088623106479645
464,4.601905402523698e-06,0.002145205158740282,0.01227589137852192,0.11079662293195724
465,4.462278411665466e-06,0.002112410496920347,0.012283855117857456,0.11083255708217621
466,4.6461350393656176e-06,0.002155489521101117,0.012286782264709473,0.11084575951099396
467,4.374153377284529e-06,0.002091447589918971,0.01231086254119873,0.11095432937145233
468,4.366745088191237e-06,0.002089675748720765,0.012313466519117355,0.11096605658531189
469,4.300232831155881e-06,0.0020737003069370985,0.012280819937586784,0.11081886291503906
470,4.107823770027608e-06,0.002026776783168316,0.012293371371924877,0.11087547987699509
471,3.7292779779818375e-06,0.0019311339128762484,0.012285194359719753,0.11083859950304031
472,3.955220108764479e-06,0.0019887734670192003,0.01228529866784811,0.11083906888961792
473,3.83919268642785e-06,0.0019593858160078526,0.01232836488634348,0.11103317141532898
474,4.235617325321073e-06,0.0020580615382641554,0.012276058085262775,0.11079737544059753
475,3.956018190365285e-06,0.00198897416703403,0.012296579778194427,0.11088994145393372
476,4.0216018533101305e-06,0.002005393151193857,0.012295674532651901,0.1108858659863472
477,3.63504295819439e-06,0.0019065788947045803,0.012282737530767918,0.11082751303911209
478,3.7032207274023676e-06,0.0019243754213675857,0.012284562923014164,0.11083574593067169
479,3.598913053792785e-06,0.0018970801029354334,0.012291422113776207,0.11086668819189072
480,3.502060508253635e-06,0.0018713793251663446,0.012327625416219234,0.11102984100580215
481,3.4940826481033582e-06,0.0018692465964704752,0.012310843914747238,0.11095423996448517
482,3.5471771298034582e-06,0.0018833951326087117,0.012293235398828983,0.11087486147880554
483,3.338974920552573e-06,0.0018272862071171403,0.012264793738722801,0.11074653267860413
484,3.3557207643752918e-06,0.001831862609833479,0.01228997204452753,0.11086014658212662
485,3.3962971883738646e-06,0.0018429046031087637,0.012283082120120525,0.11082907021045685
486,3.441762601141818e-06,0.001855198759585619,0.012284469790756702,0.11083532869815826
487,3.379932422831189e-06,0.0018384592840448022,0.012318141758441925,0.11098712682723999
488,2.9897780677856645e-06,0.0017290974501520395,0.012296780943870544,0.11089085042476654
489,3.044592858714168e-06,0.0017448761500418186,0.012362928129732609,0.11118870228528976
490,3.3303313102805987e-06,0.0018249194836243987,0.0123145068064332,0.11097075045108795
491,3.108629925918649e-06,0.001763130770996213,0.012297049164772034,0.11089205741882324
492,3.028458877452067e-06,0.0017402467783540487,0.012281481176614761,0.11082184314727783
493,3.0117632832116215e-06,0.0017354432493448257,0.012284857220947742,0.11083707213401794
494,2.9398922833934193e-06,0.0017146114259958267,0.01230977289378643,0.11094941943883896
495,2.9360926419030875e-06,0.0017135030357167125,0.012288973666727543,0.11085564643144608
496,2.7366627364244778e-06,0.0016542861703783274,0.012281392700970173,0.1108214482665062
497,2.688648010007455e-06,0.001639709691517055,0.012298494577407837,0.11089857667684555
498,2.6537229587120237e-06,0.0016290252096951008,0.012278071604669094,0.11080645769834518
499,2.573836809460772e-06,0.0016043181531131268,0.012269391678273678,0.11076728254556656
500,2.684718083401094e-06,0.001638510962948203,0.012334654107689857,0.11106149107217789
501,2.6935215373669052e-06,0.0016411951510235667,0.012303088791668415,0.110919289290905
502,2.7144244540977525e-06,0.0016475510783493519,0.012323464266955853,0.11101110279560089
503,2.468153979862109e-06,0.0015710359439253807,0.012325187213718891,0.11101885885000229
504,2.7137825782119762e-06,0.0016473561991006136,0.012307731434702873,0.11094021797180176
505,2.4381772618653486e-06,0.001561466371640563,0.012297088280320168,0.11089223623275757
506,2.4557277811254608e-06,0.0015670761931687593,0.012315014377236366,0.11097303777933121
507,2.3867228264862206e-06,0.0015449022175744176,0.012333712540566921,0.11105725169181824
508,2.348464704482467e-06,0.0015324701089411974,0.012328420765697956,0.11103342473506927
509,2.287216375407297e-06,0.0015123545890673995,0.012305022217333317,0.1109280064702034
510,2.368373998251627e-06,0.001538952230475843,0.012285553850233555,0.11084021627902985
511,2.291210876137484e-06,0.0015136746224015951,0.012289689853787422,0.11085887253284454
512,2.158623601644649e-06,0.001469225506298244,0.01229843683540821,0.11089831590652466
513,2.1411447050923016e-06,0.001463265041820705,0.012296484783291817,0.11088951677083969
514,2.15919340007531e-06,0.0014694194542244077,0.012305747717618942,0.11093127727508545
515,2.123769490935956e-06,0.001457315869629383,0.012314802035689354,0.1109720766544342
516,2.0538188891805476e-06,0.0014331151032820344,0.012307403609156609,0.11093873530626297
517,1.8979951619257918e-06,0.001377677428536117,0.012309281155467033,0.11094719916582108
518,2.146290626114933e-06,0.0014650224475190043,0.012302925810217857,0.1109185516834259
519,2.0219658836140297e-06,0.00142195844091475,0.012297731824219227,0.11089514195919037
520,1.875324187494698e-06,0.0013694247463718057,0.012294412590563297,0.11088017374277115
521,1.876144210655184e-06,0.0013697241665795445,0.012303092516958714,0.11091930419206619
522,1.8231560261483537e-06,0.0013502429937943816,0.012311141937971115,0.11095558851957321
523,1.9910155515390215e-06,0.0014110335614532232,0.012306547723710537,0.11093488335609436
524,1.801737084861088e-06,0.0013422879856079817,0.012309740297496319,0.11094927042722702
525,1.9292833712825086e-06,0.0013889864785596728,0.01232239045202732,0.11100625991821289
526,1.7910041378854658e-06,0.001338283997029066,0.012315473519265652,0.11097510159015656
527,1.7781059113985975e-06,0.001333456370048225,0.012324851006269455,0.11101734638214111
528,1.6735222061470267e-06,0.0012936468701809645,0.012308119796216488,0.11094196885824203
529,1.7777615539671388e-06,0.0013333272654563189,0.012296218425035477,0.11088831722736359
530,1.7517239712105948e-06,0.001323527074418962,0.012322129681706429,0.11100509017705917
531,1.6365771671189577e-06,0.001279287738725543,0.012304462492465973,0.11092548072338104
532,1.761402472766349e-06,0.0013271784409880638,0.01230715960264206,0.11093764007091522
533,1.65238225235953e-06,0.0012854501837864518,0.012308353558182716,0.1109430193901062
534,1.6061511587395216e-06,0.0012673401506617665,0.012309620156884193,0.11094872653484344
535,1.687202029643231e-06,0.0012989233946427703,0.012312760576605797,0.1109628826379776
536,1.5093669389898423e-06,0.0012285629054531455,0.012318034656345844,0.11098664253950119
537,1.5405349813590874e-06,0.0012411829084157944,0.01229578536003828,0.11088636517524719
538,1.588994905432628e-06,0.0012605533702298999,0.012333917431533337,0.11105816811323166
539,1.4857392898193211e-06,0.001218909048475325,0.012307646684348583,0.11093983054161072
540,1.3909018434787868e-06,0.00117936497554183,0.012306516058743,0.11093473434448242
541,1.535558226350986e-06,0.0012391763739287853,0.01230926439166069,0.1109471246600151
542,1.5143006066864473e-06,0.001230569207109511,0.012326355092227459,0.11102411895990372
543,1.4227500741981203e-06,0.0011927909217774868,0.01231719646602869,0.11098286509513855
544,1.4067562688069302e-06,0.0011860675876960158,0.012309975922107697,0.11095032840967178
545,1.3852454685547855e-06,0.0011769644916057587,0.012314860709011555,0.1109723448753357
546,1.341818347100343e-06,0.0011583687737584114,0.01230217982083559,0.11091519147157669
547,1.3394929965215852e-06,0.001157364691607654,0.012302613817155361,0.11091715097427368
548,1.2533528206404299e-06,0.0011195323895663023,0.012306294403970242,0.11093373596668243
549,1.4115057638264261e-06,0.0011880680685862899,0.012321723625063896,0.11100325733423233
550,1.2566697478177957e-06,0.0011210128432139754,0.012319504283368587,0.11099325865507126
551,1.3467605413097772e-06,0.001160500105470419,0.012318413704633713,0.11098834872245789
552,1.2639083024623687e-06,0.0011242367327213287,0.012306328862905502,0.11093389242887497
553,1.2542723197839223e-06,0.001119942986406386,0.012310924008488655,0.11095460504293442
554,1.2659434105444234e-06,0.0011251415126025677,0.012322591617703438,0.11100716888904572
555,1.2044171171510243e-06,0.0010974593460559845,0.012297462671995163,0.11089392751455307
556,1.1866646900671185e-06,0.0010893413564190269,0.012314128689467907,0.11096904426813126
557,1.1869180980284e-06,0.001089457655325532,0.012326915748417377,0.11102664470672607
558,1.166036327049369e-06,0.0010798316216096282,0.012315936386585236,0.1109771877527237
559,1.1455066442067618e-06,0.0010702834697440267,0.012296349741518497,0.11088890582323074
560,1.1091825626863283e-06,0.0010531774023547769,0.012304173782467842,0.11092417687177658
561,1.1306626674922882e-06,0.0010633262572810054,0.012315026484429836,0.11097308993339539
562,1.0592252692731563e-06,0.001029186649248004,0.012314904481172562,0.11097253859043121
563,1.124034724853118e-06,0.0010602050460875034,0.012320985086262226,0.1109999343752861
564,1.0585379186522914e-06,0.0010288527701050043,0.012314721941947937,0.11097171902656555
565,1.0542040627115057e-06,0.0010267443722113967,0.01231417153030634,0.11096923798322678
566,1.007707282951742e-06,0.0010038462933152914,0.012307673692703247,0.11093995720148087
567,1.0642563665896887e-06,0.0010316279949620366,0.012314563617110252,0.11097100377082825
568,9.993910907724057e-07,0.000999695505015552,0.012325840070843697,0.11102180182933807
569,1.0743792699940968e-06,0.00103652267716825,0.012326475232839584,0.11102466285228729
570,9.93792923509318e-07,0.0009968916419893503,0.012331091798841953,0.11104544997215271
571,1.0148880846827524e-06,0.0010074165184050798,0.012305961921811104,0.11093223839998245
572,9.502722377874306e-07,0.0009748190641403198,0.012306181713938713,0.11093322932720184
573,9.425526741324575e-07,0.0009708515135571361,0.012324593961238861,0.11101619154214859
574,9.565743539496907e-07,0.0009780462132766843,0.012327675707638264,0.11103006452322006
575,9.99759777187137e-07,0.000999879906885326,0.012302328832447529,0.11091586202383041
576,9.483156873102416e-07,0.0009738150401972234,0.012320656329393387,0.11099845170974731
577,9.343897886537889e-07,0.0009666383848525584,0.01230704691261053,0.11093713343143463
578,9.053695748661994e-07,0.0009515091078355908,0.012328114360570908,0.11103203892707825
579,9.106958032134571e-07,0.0009543038322590292,0.012326654978096485,0.11102546751499176
580,8.934928814596788e-07,0.0009452475351281464,0.012307492084801197,0.1109391376376152
581,8.548350365344959e-07,0.0009245728724636137,0.012321277521550655,0.11100125312805176
582,7.940731734379369e-07,0.0008911078330129385,0.012305048294365406,0.11092812567949295
583,8.331753065249359e-07,0.0009127843659371138,0.012324746698141098,0.11101687699556351
584,7.985300385371374e-07,0.0008936050580814481,0.012322944588959217,0.11100875586271286
585,8.302536116389092e-07,0.000911182549316436,0.012315322645008564,0.11097442358732224
586,8.36570961837424e-07,0.0009146425290964544,0.012321028858423233,0.11100012809038162
587,7.68736754253041e-07,0.000876776350196451,0.012309014797210693,0.11094599962234497
588,8.168810268216475e-07,0.0009038146818056703,0.01228783093392849,0.110850490629673
589,7.562972541563795e-07,0.0008696535369381309,0.012317991815507412,0.11098644882440567
590,7.652599265384197e-07,0.0008747913525439799,0.012307163327932358,0.11093765497207642
591,7.524478746745444e-07,0.0008674375130794942,0.01231419574469328,0.11096934229135513
592,7.219706503747148e-07,0.0008496885420754552,0.012307523749768734,0.11093927919864655
593,8.106100040095043e-07,0.0009003388113342226,0.012312057428061962,0.11095970869064331
594,7.333904932238511e-07,0.0008563821902498603,0.0123103903606534,0.11095219850540161
595,7.341186005760392e-07,0.0008568072225898504,0.012314092367887497,0.11096888035535812
596,7.180066745604563e-07,0.0008473527268506587,0.012323861010372639,0.11101288348436356
597,7.086692903612857e-07,0.0008418249781243503,0.012318777851760387,0.11098998785018921
598,6.37766788713634e-07,0.0007986029959283769,0.012319170869886875,0.11099176108837128
599,6.619312671318767e-07,0.0008135915850289166,0.012321834452450275,0.11100375652313232
600,6.74707337111613e-07,0.0008214057306759059,0.012303567491471767,0.1109214499592781
601,6.355797381729644e-07,0.0007972325547598302,0.012297232635319233,0.1108928844332695
602,6.354396191454725e-07,0.0007971446611918509,0.012314069084823132,0.11096877604722977
603,6.358552013807639e-07,0.0007974053150974214,0.012306584976613522,0.11093504726886749
604,6.422452543120016e-07,0.0008014020277187228,0.012319876812398434,0.11099494248628616
605,6.206761895555246e-07,0.0007878300384618342,0.012318209744989872,0.11098743230104446
606,6.054434606994619e-07,0.0007781024905852973,0.012306363321840763,0.1109340488910675
607,5.897328492210363e-07,0.0007679406553506851,0.012316069565713406,0.11097779124975204
608,5.946423016212066e-07,0.000771130551584065,0.012316510081291199,0.11097977310419083
609,5.938060212429264e-07,0.0007705881143920124,0.012319260276854038,0.11099216341972351
610,6.188720362843014e-07,0.0007866842206567526,0.012320594862103462,0.11099817603826523
611,5.929384201408539e-07,0.0007700249552726746,0.012317972257733345,0.11098635941743851
612,5.736516754950571e-07,0.0007573979673907161,0.012319829314947128,0.11099472641944885
613,5.354899030862725e-07,0.0007317717536352575,0.012323548085987568,0.11101147532463074
614,5.828875941915612e-07,0.0007634707726538181,0.012311423197388649,0.11095685511827469
615,5.30722672920092e-07,0.0007285071769729257,0.012325950898230076,0.11102230101823807
616,5.352653715817723e-07,0.0007316183182410896,0.012310466729104519,0.11095254123210907
617,5.360992645364604e-07,0.0007321879966184497,0.012331025674939156,0.11104515194892883
618,5.119398451824964e-07,0.0007154997438192368,0.012319954112172127,0.11099528521299362
619,5.150872084414004e-07,0.0007176957442425191,0.012316744774580002,0.11098083108663559
620,5.140036023476569e-07,0.000716940441634506,0.012318307533860207,0.11098787188529968
621,5.015269266550604e-07,0.000708185660187155,0.012311583384871483,0.11095757782459259
622,4.97373036978388e-07,0.000705246813595295,0.01231992244720459,0.11099514365196228
623,4.990309889763012e-07,0.000706421269569546,0.012315521016716957,0.11097531765699387
624,4.4405416588233493e-07,0.0006663738749921322,0.012318669818341732,0.11098950356245041
625,4.929383408125432e-07,0.0007020956836640835,0.012310249730944633,0.11095156520605087
626,4.835358708987769e-07,0.0006953674601390958,0.012320375069975853,0.11099718511104584
627,4.773130513058277e-07,0.0006908784853294492,0.012323182076215744,0.11100982874631882
628,4.407765175074019e-07,0.000663910002913326,0.012325359508395195,0.11101963371038437
629,4.682961787239037e-07,0.0006843216833658516,0.012293175794184208,0.11087459325790405
630,4.846983188144804e-07,0.000696202798280865,0.012308759614825249,0.11094485223293304
631,4.221758445055457e-07,0.0006497505819424987,0.012318708933889866,0.11098968237638474
632,4.4508217911243264e-07,0.0006671447772532701,0.012311885133385658,0.11095893383026123
633,4.261145534201205e-07,0.0006527745281346142,0.012315035797655582,0.11097313463687897
634,4.4871211457575555e-07,0.000669859757181257,0.01231778971850872,0.11098553985357285
635,4.472036607694463e-07,0.0006687328568659723,0.012323499657213688,0.11101125925779343
636,4.3367677449168696e-07,0.0006585413939319551,0.012322500348091125,0.11100675910711288
637,3.999113289410161e-07,0.000632385432254523,0.012315086089074612,0.11097335815429688
638,4.031968785511708e-07,0.000634977885056287,0.012315372936427593,0.11097464710474014
639,3.996903501501947e-07,0.0006322106928564608,0.012325691059231758,0.11102113127708435
640,4.0811454482536647e-07,0.0006388384499587119,0.012318233959376812,0.11098753660917282
641,4.0054985106507957e-07,0.0006328900926746428,0.012322776950895786,0.11100800335407257
642,3.995852466687211e-07,0.0006321275723166764,0.012331521138548851,0.11104737967252731
643,3.757094191314536e-07,0.0006129514076747,0.012320028617978096,0.11099562793970108
644,3.7288663179424475e-07,0.0006106444634497166,0.012314695864915848,0.110971599817276
645,3.876261587265617e-07,0.0006225963006727397,0.012321560643613338,0.11100252717733383
646,3.540250759215269e-07,0.0005950000486336648,0.012316413223743439,0.11097933351993561
647,3.4230836831739e-07,0.0005850712768733501,0.012310710735619068,0.11095364391803741
648,3.5523132169146265e-07,0.0005960128619335592,0.012324388138949871,0.11101526021957397
649,3.4891365885414416e-07,0.0005906891310587525,0.012326845899224281,0.111026331782341
650,3.4852476460400794e-07,0.000590359850320965,0.012323283590376377,0.11101028323173523
651,3.394079897134361e-07,0.0005825873231515288,0.012325843796133995,0.11102181673049927
652,3.6180259144202864e-07,0.0006015002727508545,0.012322801165282726,0.11100811511278152
653,3.296261184004834e-07,0.0005741307395510375,0.01232394389808178,0.111013263463974
654,3.45231143228375e-07,0.0005875637289136648,0.012323406524956226,0.11101084202528
655,3.354143984779512e-07,0.0005791496951133013,0.012326546013355255,0.11102497577667236
656,3.0587727906095097e-07,0.0005530617199838161,0.012320592999458313,0.11099816858768463
657,3.0124309091661416e-07,0.0005488561582751572,0.012317584827542305,0.11098461598157883
658,3.172472133883275e-07,0.0005632470129057765,0.012314705178141594,0.11097164452075958
659,3.064444342726347e-07,0.0005535742384381592,0.012326492927968502,0.11102473735809326
660,3.117642393135611e-07,0.0005583585007116199,0.012323392555117607,0.11101077497005463
661,2.896296962262568e-07,0.0005381725495681167,0.012330411933362484,0.11104238778352737
662,2.9549340752055286e-07,0.0005435930797830224,0.012317470274865627,0.11098410189151764
663,2.9680651891794696e-07,0.0005447995499707758,0.012317595072090626,0.11098466068506241
664,2.860220433831273e-07,0.000534810300450772,0.01232012826949358,0.1109960749745369
665,3.010487716892385e-07,0.0005486790905706584,0.012315732426941395,0.11097627133131027
666,2.881769205487217e-07,0.0005368211423046887,0.012323150411248207,0.11100968718528748
667,2.8621838055187254e-07,0.0005349938292056322,0.012316334992647171,0.11097898334264755
668,2.77237063528446e-07,0.0005265330546535552,0.01232188381254673,0.11100398004055023
669,2.7582245820667595e-07,0.0005251880502328277,0.012318293564021587,0.11098780483007431
670,2.777518375296495e-07,0.0005270216497592628,0.012320643290877342,0.11099839210510254
671,2.643623133735673e-07,0.0005141617730259895,0.01231784000992775,0.11098576337099075
672,2.7387770273890055e-07,0.00052333326311782,0.012325999327003956,0.11102251708507538
673,2.64845141373371e-07,0.0005146311013959348,0.012330513447523117,0.11104284226894379
674,2.631390429996827e-07,0.0005129707860760391,0.012312938459217548,0.11096367985010147
675,2.6429066224409326e-07,0.0005140920984558761,0.012325114570558071,0.11101853102445602
676,2.590332996987854e-07,0.0005089531186968088,0.012315339408814907,0.1109744980931282
677,2.560020107011951e-07,0.0005059664254076779,0.012319890782237053,0.11099500209093094
678,2.436578654396726e-07,0.0004936171462759376,0.012322044931352139,0.11100471019744873
679,2.491754571565252e-07,0.0004991747555322945,0.012317524291574955,0.11098434031009674
680,2.455165315495833e-07,0.000495496264193207,0.01232826802879572,0.11103273183107376
681,2.3040624341774674e-07,0.0004800065071322024,0.012318692170083523,0.11098960041999817
682,2.3105268098788656e-07,0.00048067938769236207,0.012316952459514141,0.1109817698597908
683,2.2068009286613233e-07,0.0004697660042438656,0.012327450327575207,0.11102905124425888
684,2.255254258898276e-07,0.00047489520511589944,0.012328265234827995,0.11103272438049316
685,2.2512755037951138e-07,0.000474476080853492,0.012315654195845127,0.11097591370344162
686,2.331551769430007e-07,0.0004828614473808557,0.012314687483012676,0.11097156256437302
687,2.1737449173997447e-07,0.0004662343708332628,0.0123171117156744,0.1109824851155281
688,2.1646619074999762e-07,0.0004652592760976404,0.012324522249400616,0.11101586371660233
689,2.157421761239675e-07,0.00046448054490610957,0.012322000227868557,0.11100450903177261
690,2.0746024631534965e-07,0.0004554780316539109,0.012323250062763691,0.11101013422012329
691,2.0181096260785125e-07,0.00044923374662175775,0.012326028198003769,0.11102264374494553
692,1.9890684654910729e-07,0.00044598974636755884,0.012323593720793724,0.11101168394088745
693,2.1436167685351393e-07,0.00046299208770506084,0.012322360649704933,0.11100612580776215
694,1.9823841057586833e-07,0.00044523971155285835,0.012323161587119102,0.11100973933935165
695,2.0127194488850364e-07,0.0004486334219109267,0.012325580231845379,0.11102063208818436
696,1.979689727704681e-07,0.0004449370317161083,0.012319143861532211,0.11099164187908173
697,1.9503411863297515e-07,0.00044162667472846806,0.012316310778260231,0.1109788790345192
698,1.9291685759981192e-07,0.0004392230184748769,0.012324554845690727,0.11101601272821426
699,2.0201173356326763e-07,0.00044945714762434363,0.012322301045060158,0.11100585758686066
700,1.9148596663853823e-07,0.0004375911084935069,0.012322042137384415,0.11100469529628754
701,1.8823125458311551e-07,0.0004338562721386552,0.01231431681662798,0.1109698936343193
702,2.0003550105229806e-07,0.00044725328916683793,0.012326345779001713,0.11102407425642014
703,1.8668109191821713e-07,0.00043206606642343104,0.012316834181547165,0.11098123341798782
704,1.7808221741688612e-07,0.0004219978873152286,0.012324060313403606,0.11101378500461578
705,1.8541854274189973e-07,0.00043060252210125327,0.012324837036430836,0.11101727932691574
706,1.7120321160746244e-07,0.00041376709123142064,0.012326284311711788,0.11102379858493805
707,1.8789454259149352e-07,0.00043346802704036236,0.012317931279540062,0.11098617315292358
708,1.6991261020393722e-07,0.0004122045647818595,0.01232320349663496,0.11100992560386658
709,1.6397869728734804e-07,0.00040494283894076943,0.012323645874857903,0.11101191490888596
710,1.6862222196323273e-07,0.00041063636308535933,0.012323965318500996,0.11101335287094116
711,1.5941436970479117e-07,0.0003992673009634018,0.012318531982600689,0.11098888516426086
712,1.632280230978722e-07,0.00040401489241048694,0.012321973219513893,0.11100438237190247
713,1.6438019656561664e-07,0.0004054382734466344,0.012324275448918343,0.11101475358009338
714,1.569418373037479e-07,0.00039615886635147035,0.012322213500738144,0.11100546270608902
715,1.6583454964802513e-07,0.0004072278970852494,0.01232779212296009,0.11103059351444244
716,1.4855820040793333e-07,0.0003854324750136584,0.012326756492257118,0.11102592945098877
717,1.520836860890995e-07,0.00038997907540760934,0.012325291521847248,0.1110193282365799
718,1.4544629323154368e-07,0.000381374207790941,0.012324127368628979,0.11101408302783966
719,1.4646604995505186e-07,0.00038270882214419544,0.012325718067586422,0.1110212504863739
720,1.4705824469274376e-07,0.0003834817325696349,0.012321476824581623,0.11100214719772339
721,1.453084337299515e-07,0.0003811934438999742,0.012326113879680634,0.11102303117513657
722,1.4015998317518097e-07,0.00037437945138663054,0.012326732277870178,0.11102581769227982
723,1.3820567801303696e-07,0.0003717602521646768,0.012322274036705494,0.1110057383775711
724,1.4186072405664163e-07,0.000376644020434469,0.012324093841016293,0.11101393401622772
725,1.406248770763341e-07,0.00037499982863664627,0.012326839379966259,0.11102630198001862
726,1.4602230180571496e-07,0.00038212863728404045,0.012324671261012554,0.11101653426885605
727,1.3987063596232474e-07,0.0003739928361028433,0.012325975112617016,0.11102240532636642
728,1.3669595944065804e-07,0.00036972417728975415,0.012323050759732723,0.11100924015045166
729,1.358382348826126e-07,0.0003685623814817518,0.0123259536921978,0.11102230846881866
730,1.3004749632727908e-07,0.0003606209938880056,0.012325339019298553,0.1110195443034172
731,1.2823981876408652e-07,0.00035810586996376514,0.01232831459492445,0.11103294044733047
732,1.2593314124842436e-07,0.00035487060085870326,0.01232480350881815,0.1110171303153038
733,1.3269371379465156e-07,0.0003642714873421937,0.012325158342719078,0.11101873219013214
734,1.3059766956757812e-07,0.0003613829903770238,0.01232276950031519,0.11100797355175018
735,1.2780279234902991e-07,0.00035749515518546104,0.012321638874709606,0.11100287735462189
736,1.1785360953808777e-07,0.0003432981320656836,0.01232753787189722,0.11102944612503052
737,1.2419120309914433e-07,0.0003524077183101326,0.012327299453318119,0.11102837324142456
738,1.157692679498723e-07,0.00034024883643724024,0.012327888049185276,0.11103102564811707
739,1.2137081739638234e-07,0.0003483831533230841,0.012320051901042461,0.11099573224782944
740,1.2147900463332917e-07,0.00034853839315474033,0.012327885255217552,0.11103101074695587
741,1.1706399760669228e-07,0.0003421461733523756,0.012322284281253815,0.11100578308105469
742,1.1547682987611552e-07,0.000339818827342242,0.012327591888606548,0.11102969199419022
743,1.1506170949360239e-07,0.00033920747227966785,0.0123244384303689,0.11101548373699188
744,1.0999903565789282e-07,0.00033166102366521955,0.012325141578912735,0.11101865768432617
745,1.04395205369201e-07,0.00032310246024280787,0.012321715243160725,0.11100322008132935
746,1.0439400455197756e-07,0.00032310059759765863,0.012325489893555641,0.11102022230625153
747,1.0805501204913526e-07,0.00032871722942218184,0.012318577617406845,0.11098908632993698
748,1.0884246393061403e-07,0.00032991281477734447,0.012327266857028008,0.11102822422981262
749,1.0566758845698132e-07,0.00032506551360711455,0.012327412143349648,0.11102887988090515
750,1.1041843350767522e-07,0.0003322926932014525,0.012327837757766247,0.11103079468011856
751,1.0231988767372968e-07,0.0003198747872374952,0.012325615622103214,0.11102078855037689
752,9.733095396313729e-08,0.00031197909265756607,0.012324819341301918,0.11101720482110977
753,1.0024808005937302e-07,0.00031661978573538363,0.01232567336410284,0.11102104932069778
754,1.0315427800833277e-07,0.0003211763978470117,0.012323225848376751,0.11101002246141434
755,9.833820513449609e-08,0.0003135892329737544,0.012326957657933235,0.111026830971241
756,9.251527899323264e-08,0.0003041632298845798,0.01232859492301941,0.11103420704603195
757,9.52488292682574e-08,0.0003086240903940052,0.01232900656759739,0.11103606224060059
758,9.938095502093347e-08,0.00031524745281785727,0.012330297380685806,0.11104187369346619
759,9.382792143242114e-08,0.0003063134499825537,0.012324252165853977,0.11101464927196503
760,9.296741154685151e-08,0.0003049055812880397,0.012325778603553772,0.11102152615785599
761,9.132294565006305e-08,0.000302196858683601,0.012326786294579506,0.11102606356143951
762,8.699615250407078e-08,0.0002949511108454317,0.012329060584306717,0.11103630065917969
763,8.973272258572251e-08,0.00029955420177429914,0.012324139475822449,0.11101414263248444
764,9.038388526505514e-08,0.00030063913436606526,0.012323256582021713,0.11101016402244568
765,8.646401994383268e-08,0.0002940476406365633,0.01232032012194395,0.11099693924188614
766,8.222958314263451e-08,0.0002867570146918297,0.01232612133026123,0.11102306842803955
767,8.493098135886612e-08,0.0002914291981142014,0.012327553704380989,0.11102952063083649
768,7.890326259030189e-08,0.0002808972494676709,0.012329834513366222,0.11103978753089905
769,8.141968521613308e-08,0.00028534134617075324,0.012324188835918903,0.11101436614990234
770,8.354873415328257e-08,0.0002890479809138924,0.012323242612183094,0.1110101044178009
771,8.582076560514906e-08,0.00029295182321220636,0.012326492927968502,0.11102473735809326
772,8.260505524049222e-08,0.00028741094865836203,0.012325034476816654,0.11101817339658737
773,7.74370292333515e-08,0.00027827511075884104,0.012331726029515266,0.11104830354452133
774,8.220398228786507e-08,0.00028671236941590905,0.012328281067311764,0.11103279143571854
775,7.62646052976379e-08,0.0002761604846455157,0.012328144162893295,0.11103217303752899
776,7.590940498403143e-08,0.00027551662060432136,0.012324501760303974,0.11101577430963516
777,7.46534780660113e-08,0.0002732278953772038,0.01232701912522316,0.11102710664272308
778,8.214495750280548e-08,0.0002866094291675836,0.01232694461941719,0.11102677136659622
779,7.609644825379291e-08,0.00027585585485212505,0.012323648668825626,0.11101192981004715
780,8.02733168825398e-08,0.0002833254693541676,0.012330545112490654,0.11104299128055573
781,7.83705758067299e-08,0.0002799474459607154,0.012323382310569286,0.11101073026657104
782,7.577360605637296e-08,0.0002752700529526919,0.012324837036430836,0.11101727932691574
783,6.616880199317166e-08,0.00025723298313096166,0.012325567193329334,0.11102057248353958
784,6.788118156464407e-08,0.00026054016780108213,0.012326891534030437,0.11102653294801712
785,6.827858811675469e-08,0.0002613017277326435,0.012328090146183968,0.11103193461894989
786,6.877655778225744e-08,0.00026225284091196954,0.012326516211032867,0.11102484166622162
787,6.645085903755898e-08,0.000257780629908666,0.01232846174389124,0.1110336035490036
788,6.754942205589032e-08,0.0002599027066025883,0.012326960451900959,0.11102684587240219
789,6.256928486436664e-08,0.0002501385170035064,0.012322851456701756,0.11100833863019943
790,6.611351466290216e-08,0.0002571254735812545,0.01232957560569048,0.11103862524032593
791,6.286167320013192e-08,0.00025072231073863804,0.012323577888309956,0.11101160943508148
792,6.437508659473679e-08,0.00025372244999744,0.012327594682574272,0.11102969944477081
793,6.495857718391562e-08,0.0002548697229940444,0.01232726126909256,0.11102820187807083
794,6.186058953971951e-08,0.00024871790083125234,0.01232729759067297,0.11102836579084396
795,5.8718082840414354e-08,0.00024231814313679934,0.012331190519034863,0.11104589700698853
796,5.828738025570601e-08,0.00024142779875546694,0.012328611686825752,0.11103428155183792
797,6.046890632660507e-08,0.00024590425891801715,0.012325824238359928,0.1110217273235321
798,5.90262807520503e-08,0.00024295324692502618,0.012329925782978535,0.11104019731283188
799,5.901564037458229e-08,0.00024293134629260749,0.01232158113270998,0.111002616584301
800,5.685587467496589e-08,0.00023844469978939742,0.012326032854616642,0.11102266609668732
801,5.5294410827855245e-08,0.00023514764325227588,0.012327797710895538,0.11103061586618423
802,5.690131388291775e-08,0.0002385399566264823,0.012333194725215435,0.1110549196600914
803,5.973818417714938e-08,0.00024441396817564964,0.012323793955147266,0.11101258546113968
804,5.881189579781676e-08,0.00024251163995359093,0.012328254990279675,0.11103267222642899
805,5.2677687989444166e-08,0.0002295161975780502,0.012328086420893669,0.1110319197177887
806,5.396680791136532e-08,0.00023230757506098598,0.012330112047493458,0.11104103922843933
807,5.6615981236518564e-08,0.00023794113076291978,0.012328105047345161,0.11103200167417526
808,5.572584171886774e-08,0.00023606322065461427,0.012327478267252445,0.11102917790412903
809,5.62672646253759e-08,0.00023720721947029233,0.012330095283687115,0.11104096472263336
810,5.4437759189340795e-08,0.00023331900592893362,0.012325718067586422,0.1110212504863739
811,5.026274507713424e-08,0.00022419354354497045,0.01232643611729145,0.11102448403835297
812,4.943921538824725e-08,0.00022234930656850338,0.012326656840741634,0.11102547496557236
813,5.3322509074860136e-08,0.00023091667389962822,0.012327142991125584,0.11102766543626785
814,5.221688326173535e-08,0.00022851013636682183,0.01232531201094389,0.11101942509412766
815,4.7909793465805706e-08,0.00021888305491302162,0.012327093631029129,0.11102744191884995
816,4.588773094837961e-08,0.0002142142184311524,0.01232853438705206,0.11103393137454987
817,4.8139483510567516e-08,0.0002194071130361408,0.012327260337769985,0.11102819442749023
818,4.77555666122953e-08,0.00021853047655895352,0.012325367890298367,0.11101967096328735
819,4.5054704855829186e-08,0.00021226092940196395,0.012325196526944637,0.11101890355348587
820,4.346335202853879e-08,0.00020847865380346775,0.012326537631452084,0.11102493852376938
821,4.780816453830994e-08,0.00021865077724214643,0.012327861040830612,0.11103089898824692
822,4.688051902235202e-08,0.00021651909628417343,0.012325942516326904,0.11102226376533508
823,4.415787557832118e-08,0.0002101377467624843,0.0123293437063694,0.11103757470846176
824,4.422579991114617e-08,0.00021029931667726487,0.012325339950621128,0.1110195443034172
825,4.5567606576923936e-08,0.00021346569701563567,0.012324643321335316,0.1110164076089859
826,4.183491597586908e-08,0.00020453585602808744,0.012326553463935852,0.11102501302957535
827,4.504421013962201e-08,0.00021223622024990618,0.012328734621405602,0.1110348328948021
828,4.67747085508563e-08,0.00021627460955642164,0.012330738827586174,0.11104386299848557
829,4.218855309545688e-08,0.00020539852266665548,0.012327863834798336,0.11103091388940811
830,4.0503852716256006e-08,0.00020125569426454604,0.012327649630606174,0.11102995276451111
831,4.1840198861109457e-08,0.000204548763576895,0.01232869178056717,0.11103463917970657
832,3.980724727625784e-08,0.00019951754075009376,0.012329020537436008,0.11103612184524536
833,3.835980422195462e-08,0.00019585658446885645,0.012327722273766994,0.11103027313947678
834,3.873322640401966e-08,0.00019680758123286068,0.012329107150435448,0.1110365092754364
835,3.84042841972132e-08,0.00019597010395955294,0.012327826581895351,0.11103074252605438
836,4.0452732719131745e-08,0.00020112864149268717,0.012330124154686928,0.11104109138250351
837,3.8310616901071626e-08,0.00019573098688852042,0.012330014258623123,0.11104059964418411
838,3.6889439058995777e-08,0.0001920662325574085,0.012326647527515888,0.11102543771266937
839,3.5641651408013786e-08,0.0001887899707071483,0.012329619377851486,0.11103881895542145
840,3.630278655464281e-08,0.0001905328972497955,0.01232741866260767,0.11102890968322754
841,3.66365995319029e-08,0.00019140689983032644,0.012326463125646114,0.11102460324764252
842,3.594993103206434e-08,0.00018960467423312366,0.012326343916356564,0.11102406680583954
843,3.5756986704882365e-08,0.00018909518257714808,0.012328913435339928,0.11103563755750656
844,3.2861173338005756e-08,0.0001812765112845227,0.012326981872320175,0.11102694272994995
845,3.384738178624502e-08,0.0001839765754994005,0.012327920645475388,0.11103116720914841
846,3.456950636859801e-08,0.00018592877313494682,0.012328533455729485,0.11103393137454987
847,3.359025413374184e-08,0.00018327643920201808,0.012324847280979156,0.11101733148097992
848,3.323331654314643e-08,0.0001823000784497708,0.012326468713581562,0.1110246330499649
849,3.3193433779388215e-08,0.0001821906480472535,0.012329447083175182,0.11103804409503937
850,3.3035068014442004e-08,0.00018175551667809486,0.01232876256108284,0.11103495955467224
851,3.3176757341379925e-08,0.00018214488227386028,0.01233347412198782,0.11105617880821228
852,3.076749877095608e-08,0.0001754066615831107,0.0123287383466959,0.11103485524654388
853,3.338685772291683e-08,0.00018272071611136198,0.01232803426682949,0.1110316812992096
854,3.164633000096728e-08,0.0001778941514203325,0.012330775149166584,0.1110440269112587
855,2.991873415680857e-08,0.0001729703217279166,0.012327052652835846,0.11102726310491562
856,3.0440979514878563e-08,0.0001744734327076003,0.012328899465501308,0.11103557795286179
857,3.0566525310860015e-08,0.00017483285046182573,0.012327122502028942,0.11102757602930069
858,2.9166386639190023e-08,0.000170781699125655,0.012328981421887875,0.11103594303131104
859,2.986742231314565e-08,0.00017282193584833294,0.012328602373600006,0.11103423684835434
860,2.978384827656555e-08,0.00017257998115383089,0.012327759526669979,0.1110304445028305
861,2.9182293914686852e-08,0.00017082826525438577,0.012327500618994236,0.11102927476167679
862,2.7717769413015958e-08,0.000166486541274935,0.012329861521720886,0.1110399067401886
863,2.8316213374068866e-08,0.00016827421495690942,0.012331521138548851,0.11104737967252731
864,2.8913731853208446e-08,0.0001700403809081763,0.012329268269240856,0.1110372394323349
865,2.8127379536613262e-08,0.00016771219088695943,0.012328097596764565,0.11103196442127228
866,2.863036741018732e-08,0.00016920510097406805,0.012329195626080036,0.11103691160678864
867,2.652731723173929e-08,0.00016287209291476756,0.012331373058259487,0.11104671657085419
868,2.7690141735092766e-08,0.00016640355170238763,0.012327959761023521,0.11103134602308273
869,2.620693706489874e-08,0.0001618855749256909,0.01232865545898676,0.11103447526693344
870,2.672993737462548e-08,0.00016349292127415538,0.012328279204666615,0.11103278398513794
871,2.5260844083163647e-08,0.0001589366002008319,0.012328618206083775,0.11103431135416031
872,2.4273219878523378e-08,0.00015579865430481732,0.012329859659075737,0.111039899289608
873,2.5802535219554557e-08,0.0001606316800462082,0.012328887358307838,0.11103552579879761
874,2.4893383354651633e-08,0.0001577763759996742,0.012329068034887314,0.11103633791208267
875,2.521821507173172e-08,0.00015880244609434158,0.01232870202511549,0.11103469133377075
876,2.5393754654601253e-08,0.0001593541819602251,0.012327924370765686,0.1110311895608902
877,2.375557173195375e-08,0.00015412842913065106,0.01232876069843769,0.11103495210409164
878,2.3386608205555603e-08,0.00015292680473066866,0.012327732518315315,0.11103032529354095
879,2.3976657104185506e-08,0.0001548439759062603,0.012330707162618637,0.11104371398687363
880,2.3075791943938384e-08,0.00015190718113444746,0.012327545322477818,0.1110294759273529
881,2.2505021846086493e-08,0.00015001674182713032,0.01232938002794981,0.1110377386212349
882,2.2779836683639587e-08,0.0001509299036115408,0.012328095734119415,0.11103195697069168
883,2.415020361468123e-08,0.00015540335152763873,0.012328592129051685,0.11103419214487076
884,2.2823110512604217e-08,0.00015107319632079452,0.012326588854193687,0.11102516949176788
885,2.166434320827193e-08,0.00014718812599312514,0.012328596785664558,0.11103421449661255
886,2.2028462609569033e-08,0.00014841988740954548,0.012329022400081158,0.11103612929582596
887,2.2152789824758656e-08,0.0001488381385570392,0.012328208424150944,0.11103246361017227
888,2.0939806333331035e-08,0.00014470593305304646,0.012330109253525734,0.11104102432727814
889,2.104132157398908e-08,0.0001450562704121694,0.012328940443694592,0.11103576421737671
890,2.009089605792269e-08,0.00014174236275721341,0.012330782599747181,0.11104405671358109
891,2.0323570382174694e-08,0.00014256076246965677,0.012329806573688984,0.1110396608710289
892,1.9436530607208624e-08,0.00013941495853941888,0.012329176999628544,0.11103682965040207
893,2.0010764600897346e-08,0.00014145941531751305,0.012330509722232819,0.11104282736778259
894,2.07540864494149e-08,0.00014406278205569834,0.01232957560569048,0.11103862524032593
895,2.052219905124275e-08,0.00014325571828521788,0.01232916209846735,0.1110367625951767
896,2.0182108428912215e-08,0.0001420637418050319,0.012331206351518631,0.1110459640622139
897,1.904570012811746e-08,0.00013800615852233022,0.012329349294304848,0.11103760451078415
898,1.8311720140218313e-08,0.00013532080629374832,0.012327777221798897,0.11103052645921707
899,1.7944497443522778e-08,0.00013395707355812192,0.0123303746804595,0.11104222387075424
900,1.8372052323911703e-08,0.0001355435379082337,0.0123297069221735,0.11103921383619308
901,1.7719473888178072e-08,0.00013311451766639948,0.012329843826591969,0.11103983223438263
902,1.7851448319561314e-08,0.0001336093118879944,0.012332531623542309,0.11105193197727203
903,1.8039942872860593e-08,0.00013431285333354026,0.01233114954084158,0.1110457107424736
904,1.7445650257741363e-08,0.0001320819865213707,0.012328599579632282,0.11103422939777374
905,1.7685291453517493e-08,0.00013298605335876346,0.012330560013651848,0.1110430583357811
906,1.731643273217287e-08,0.000131591921672225,0.012327054515480995,0.11102727055549622
907,1.700277429961261e-08,0.00013039469195064157,0.01233072392642498,0.11104379594326019
908,1.7908259763999013e-08,0.0001338217407464981,0.012331629171967506,0.11104787141084671
909,1.715809183622241e-08,0.0001309889048570767,0.012329422868788242,0.11103793233633041
910,1.6298171701123465e-08,0.00012766428699251264,0.012330964207649231,0.11104487627744675
911,1.6751590337094058e-08,0.00012942793546244502,0.012331061996519566,0.11104531586170197
912,1.6211574305202703e-08,0.00012732467439491302,0.012329263612627983,0.11103721708059311
913,1.859327980469061e-08,0.00013635717914439738,0.012331413105130196,0.11104689538478851
914,1.6267525992930132e-08,0.0001275442191399634,0.012328490614891052,0.11103373765945435
915,1.57532138445049e-08,0.0001255118113476783,0.012329927645623684,0.11104020476341248
916,1.5791883356541803e-08,0.0001256657560588792,0.01233192440122366,0.11104919761419296
917,1.607690514049409e-08,0.00012679473729804158,0.012329393066465855,0.11103779822587967
918,1.587447151507604e-08,0.00012599393085110933,0.012328597716987133,0.11103422194719315
919,1.4737511655482649e-08,0.00012139815225964412,0.012329252436757088,0.11103716492652893
920,1.490186107844238e-08,0.0001220731792273,0.012330529280006886,0.11104291677474976
921,1.4697960182274983e-08,0.00012123514170525596,0.012329960241913795,0.11104035377502441
922,1.5186307322778703e-08,0.00012323273404035717,0.01233065314590931,0.11104347556829453
923,1.4557475225274175e-08,0.0001206543602165766,0.012331144884228706,0.11104568839073181
924,1.4755030086632814e-08,0.00012147028610343114,0.012329808436334133,0.1110396683216095
925,1.4356952071636897e-08,0.00011982049909420311,0.012330302968621254,0.11104189604520798
926,1.4108111123789513e-08,0.00011877757060574368,0.012328260578215122,0.11103270202875137
927,1.4570090911547595e-08,0.0001207066306960769,0.012330880388617516,0.1110444962978363
928,1.377636582589048e-08,0.00011737276508938521,0.012330557219684124,0.1110430434346199
929,1.3364503281820816e-08,0.00011560494749573991,0.012328916229307652,0.11103565245866776
930,1.3688939759504137e-08,0.00011699974129442126,0.012328509241342545,0.11103381961584091
931,1.2776374624934306e-08,0.00011303262726869434,0.012330464087426662,0.11104262620210648
932,1.3173082180628626e-08,0.00011477404768811539,0.012330899946391582,0.11104458570480347
933,1.235439039959374e-08,0.00011115030793007463,0.012330049648880959,0.11104075610637665
934,1.3274444654598483e-08,0.00011521477426867932,0.012329279445111752,0.11103729158639908
935,1.2909262991911419e-08,0.00011361893848516047,0.01232859306037426,0.11103419959545135
936,1.167376062483072e-08,0.00010804517660290003,0.012331582605838776,0.11104766279459
937,1.2503235780059185e-08,0.00011181786976521835,0.012331505306065083,0.11104731261730194
938,1.2068450239155482e-08,0.00010985649714712054,0.012330027297139168,0.11104065924882889
939,1.1785123099627981e-08,0.00010855931031983346,0.01232876069843769,0.11103495210409164
940,1.2496329304667597e-08,0.00011178698332514614,0.012329155579209328,0.11103673279285431
941,1.2079671485309973e-08,0.00010990755981765687,0.012332499958574772,0.11105179041624069
942,1.2226595735853607e-08,0.00011057393567170948,0.012331442907452583,0.11104702949523926
943,1.1061803029122075e-08,0.00010517510963836685,0.012330758385360241,0.11104394495487213
944,1.1742169903072863e-08,0.00010836129513336346,0.012329895049333572,0.11104006320238113
945,1.1274913447323343e-08,0.00010618339729262516,0.012329481542110443,0.1110382005572319
946,1.1234347674360379e-08,0.00010599220695439726,0.012327337637543678,0.11102854460477829
947,1.1661842158616764e-08,0.00010799001029226929,0.012332097627222538,0.11104997992515564
948,1.1330918425755954e-08,0.0001064467869582586,0.01233010832220316,0.11104102432727814
949,1.079187406105575e-08,0.00010388394730398431,0.012332513928413391,0.11105185002088547
950,1.0428642838178348e-08,0.00010212072811555117,0.012326308526098728,0.111023910343647
951,1.1106329189658481e-08,0.00010538657079450786,0.01233095582574606,0.11104483902454376
952,1.1028925328560035e-08,0.00010501869110157713,0.012330124154686928,0.11104109138250351
953,1.1196277682756772e-08,0.00010581246169749647,0.012329508550465107,0.11103831976652145
954,1.019346562713963e-08,0.00010096269397763535,0.012331373989582062,0.11104671657085419
955,9.999505223845517e-09,9.99975236481987e-05,0.012328975833952427,0.11103592067956924
956,9.812351819959986e-09,9.90573171293363e-05,0.01232930552214384,0.11103740334510803
957,1.0063426536532916e-08,0.00010031663259724155,0.012330146506428719,0.11104119569063187
958,9.84341053111848e-09,9.921396122081205e-05,0.012329207733273506,0.11103696376085281
959,9.705548364991046e-09,9.851674258243293e-05,0.012330412864685059,0.11104239523410797
960,9.67772528781552e-09,9.837542893365026e-05,0.01233042124658823,0.11104243248701096
961,9.26475340889965e-09,9.625359234632924e-05,0.012330038473010063,0.11104070395231247
962,9.230454622866091e-09,9.60752586252056e-05,0.012330831028521061,0.1110442727804184
963,9.42448874496904e-09,9.707980643725023e-05,0.012331354431807995,0.11104663461446762
964,9.438045900367342e-09,9.714960469864309e-05,0.012330922298133373,0.11104468256235123
965,8.858486388874098e-09,9.41195321502164e-05,0.012331780977547169,0.11104854941368103
966,8.822745201086946e-09,9.39294695854187e-05,0.012331106700003147,0.11104551702737808
967,8.49373194000691e-09,9.21614482649602e-05,0.01233142800629139,0.11104696244001389
968,8.550631314108159e-09,9.246962144970894e-05,0.012330422177910805,0.11104243248701096
969,9.018728874821136e-09,9.496698476141319e-05,0.012331463396549225,0.11104711890220642
970,9.268033451803603e-09,9.627062536310405e-05,0.012329504825174809,0.11103830486536026
971,8.493931780151343e-09,9.216253238264471e-05,0.01233091950416565,0.11104467511177063
972,8.668620488094803e-09,9.310542372986674e-05,0.012331063859164715,0.11104532331228256
973,8.548750152215234e-09,9.245944966096431e-05,0.012332200072705746,0.11105044186115265
974,8.491435110613565e-09,9.21489845495671e-05,0.012332203797996044,0.11105045676231384
975,8.660132166937728e-09,9.305983257945627e-05,0.012331431731581688,0.11104697734117508
976,8.030268894287929e-09,8.961177081800997e-05,0.01233123429119587,0.11104609072208405
977,8.164035669722125e-09,9.03550535440445e-05,0.0123300114646554,0.11104058474302292
978,8.496852998973736e-09,9.21783794183284e-05,0.012331627309322357,0.11104786396026611
979,7.925648581874611e-09,8.902611443772912e-05,0.012331653386354446,0.11104797571897507
980,7.390112521932224e-09,8.596576662966982e-05,0.012331526726484299,0.1110474094748497
981,7.530051249204917e-09,8.677586447447538e-05,0.012330688536167145,0.11104363203048706
982,7.612267260981298e-09,8.724830695427954e-05,0.012331229634582996,0.11104606837034225
983,7.284756353698185e-09,8.535078086424619e-05,0.012330659665167332,0.11104350537061691
984,7.237552335226383e-09,8.507380698574707e-05,0.012330026365816593,0.11104065179824829
985,7.1582082483701015e-09,8.460619574179873e-05,0.012332010082900524,0.111049585044384
986,6.957838749599432e-09,8.341365901287645e-05,0.012331532314419746,0.11104743182659149
987,7.0327095258448935e-09,8.386125409742817e-05,0.012333490885794163,0.11105625331401825
988,7.456797845861729e-09,8.635275298729539e-05,0.012331336736679077,0.11104655265808105
989,6.9342820374629355e-09,8.327233808813617e-05,0.012330181896686554,0.1110413521528244
990,6.928293494468107e-09,8.323637302964926e-05,0.012331557460129261,0.11104754358530045
991,6.689031106787979e-09,8.178650023182854e-05,0.012330801226198673,0.11104413866996765
992,6.833534627048721e-09,8.266519580502063e-05,0.012331579811871052,0.1110476478934288
993,7.280295921674451e-09,8.532465290045366e-05,0.01233114954084158,0.1110457107424736
994,6.757444825922221e-09,8.220368181355298e-05,0.012331126257777214,0.11104560643434525
995,6.3772920277926914e-09,7.985794945852831e-05,0.012330980971455574,0.11104495078325272
996,6.7958194627237845e-09,8.243675983976573e-05,0.012331768870353699,0.11104849725961685
997,6.268483954130488e-09,7.917375478427857e-05,0.012331889010965824,0.11104904115200043
998,6.360812765393575e-09,7.975470361998305e-05,0.012329685501754284,0.11103911697864532
999,6.2948046775090916e-09,7.933980668894947e-05,0.012331175617873669,0.11104582995176315
